Alpha,objective_nitrogen_kharif,objective_water_kharif,nitrogen_mt_kharif,water_bcm_kharif,solve_status_kharif,solve_status_code_kharif,is_valid_kharif,variable_count_kharif,constraint_count_kharif,income_mode_kharif,objective_mode_kharif,objective_nitrogen_rabi,objective_water_rabi,nitrogen_mt_rabi,water_bcm_rabi,solve_status_rabi,solve_status_code_rabi,is_valid_rabi,variable_count_rabi,constraint_count_rabi,income_mode_rabi,objective_mode_rabi,objective_nitrogen,objective_water,nitrogen_mt,water_bcm,is_valid,solve_status,income_mode,objective_mode,nitrogen_pct_of_2017_baseline,water_pct_of_2017_baseline
0.0,4489402736.699576,184021453532.249,4.489402736699576,184.02145353224898,Optimal,1,True,2459,776,profit,normalized,3029651825.8704653,83015362874.78177,3.029651825870465,83.01536287478177,Optimal,1,True,1788,741,profit,normalized,7519054562.570042,267036816407.03076,7.519054562570042,267.03681640703076,True,Optimal|Optimal,profit,normalized,90.75135809668198,57.109657415095974
0.01,4477602819.611892,184027534872.9921,4.477602819611891,184.0275348729921,Optimal,1,True,2459,776,profit,normalized,3028799460.428965,83015452146.97485,3.028799460428965,83.01545214697485,Optimal,1,True,1788,741,profit,normalized,7506402280.040857,267042987019.96695,7.506402280040858,267.042987019967,True,Optimal|Optimal,profit,normalized,90.59865115553778,57.110977089272616
0.02,4472773799.184459,184031078937.24838,4.472773799184459,184.0310789372484,Optimal,1,True,2459,776,profit,normalized,3028799460.428965,83015452146.97485,3.028799460428965,83.01545214697485,Optimal,1,True,1788,741,profit,normalized,7501573259.613424,267046531084.22324,7.501573259613425,267.04653108422326,True,Optimal|Optimal,profit,normalized,90.5403672106057,57.111735038300985
0.03,4442469389.040303,184079643580.2344,4.442469389040303,184.0796435802344,Optimal,1,True,2459,776,profit,normalized,3017651484.0253243,83023921577.28342,3.017651484025324,83.02392157728342,Optimal,1,True,1788,741,profit,normalized,7460120873.065628,267103565157.51782,7.460120873065628,267.10356515751783,True,Optimal|Optimal,profit,normalized,90.04005691969655,57.12393259379414
0.04,4442444483.442129,184079708602.24008,4.442444483442129,184.0797086022401,Optimal,1,True,2459,776,profit,normalized,3017651484.0253243,83023921577.28342,3.017651484025324,83.02392157728342,Optimal,1,True,1788,741,profit,normalized,7460095967.467453,267103630179.5235,7.460095967467453,267.1036301795235,True,Optimal|Optimal,profit,normalized,90.03975632115193,57.12394649968367
0.05,4438231013.951137,184093800166.1641,4.438231013951136,184.0938001661641,Optimal,1,True,2459,776,profit,normalized,3015124703.0118084,83028092736.56775,3.0151247030118085,83.02809273656774,Optimal,1,True,1788,741,profit,normalized,7453355716.962945,267121892902.73184,7.453355716962945,267.1218929027318,True,Optimal|Optimal,profit,normalized,89.95840475200107,57.1278522452656
0.06,4430514986.797066,184125011594.35202,4.430514986797066,184.12501159435203,Optimal,1,True,2459,776,profit,normalized,3004600663.7030134,83049726603.33875,3.0046006637030134,83.04972660333874,Optimal,1,True,1788,741,profit,normalized,7435115650.500079,267174738197.69077,7.435115650500079,267.1747381976908,True,Optimal|Optimal,profit,normalized,89.73825595676304,57.139153970367445
0.07,4422345979.57189,184162858880.18753,4.42234597957189,184.16285888018754,Optimal,1,True,2459,776,profit,normalized,3001802682.9394937,83056450841.25308,3.0018026829394935,83.05645084125308,Optimal,1,True,1788,741,profit,normalized,7424148662.511383,267219309721.4406,7.424148662511383,267.2193097214406,True,Optimal|Optimal,profit,normalized,89.60588970700091,57.14868623069796
0.08,4416286556.0034895,184197218361.50058,4.41628655600349,184.19721836150057,Optimal,1,True,2459,776,profit,normalized,2997409957.186204,83069338430.98871,2.997409957186204,83.06933843098871,Optimal,1,True,1788,741,profit,normalized,7413696513.189693,267266556792.4893,7.413696513189693,267.26655679248927,True,Optimal|Optimal,profit,normalized,89.47973731136669,57.15879069523495
0.09,4407693295.606592,184252402661.4783,4.407693295606593,184.2524026614783,Optimal,1,True,2459,776,profit,normalized,2975538385.755167,83141120449.17126,2.975538385755167,83.14112044917127,Optimal,1,True,1788,741,profit,normalized,7383231681.361759,267393523110.64957,7.383231681361759,267.39352311064954,True,Optimal|Optimal,profit,normalized,89.11204150073446,57.1859442654091
0.1,4376324371.160191,184480358248.56094,4.376324371160191,184.48035824856095,Optimal,1,True,2459,776,profit,normalized,2962849227.7496634,83191083459.87086,2.9628492277496634,83.19108345987087,Optimal,1,True,1788,741,profit,normalized,7339173598.909854,267671441708.43182,7.339173598909854,267.6714417084318,True,Optimal|Optimal,profit,normalized,88.58028171838767,57.24538114801646
0.11,4365329928.523486,184565675610.24283,4.365329928523487,184.56567561024283,Optimal,1,True,2459,776,profit,normalized,2961638038.882536,83196057609.4889,2.961638038882536,83.1960576094889,Optimal,1,True,1788,741,profit,normalized,7326967967.406022,267761733219.73175,7.326967967406022,267.76173321973175,True,Optimal|Optimal,profit,normalized,88.43296563946008,57.26469128415129
0.12,4351518061.499246,184683614933.12082,4.351518061499245,184.68361493312082,Optimal,1,True,2459,776,profit,normalized,2961638038.882536,83196057609.4889,2.961638038882536,83.1960576094889,Optimal,1,True,1788,741,profit,normalized,7313156100.381782,267879672542.60974,7.313156100381781,267.87967254260974,True,Optimal|Optimal,profit,normalized,88.2662630733502,57.289914301770935
0.13,4347524394.812722,184721689524.4056,4.347524394812722,184.7216895244056,Optimal,1,True,2459,776,profit,normalized,2958347373.1035843,83212376532.76144,2.9583473731035843,83.21237653276144,Optimal,1,True,1788,741,profit,normalized,7305871767.9163065,267934066057.16705,7.305871767916306,267.93406605716706,True,Optimal|Optimal,profit,normalized,88.17834469763308,57.301547135863885
0.14,4339408489.29694,184806899581.4974,4.33940848929694,184.80689958149742,Optimal,1,True,2459,776,profit,normalized,2952319685.54448,83246601409.89589,2.95231968554448,83.24660140989589,Optimal,1,True,1788,741,profit,normalized,7291728174.841419,268053500991.3933,7.2917281748414196,268.0535009913933,True,Optimal|Optimal,profit,normalized,88.00763835826132,57.32709001144498
0.15,4333065478.721525,184881021216.78677,4.333065478721525,184.88102121678676,Optimal,1,True,2459,776,profit,normalized,2950684119.277645,83256782282.80081,2.950684119277645,83.25678228280081,Optimal,1,True,1788,741,profit,normalized,7283749597.99917,268137803499.5876,7.28374959799917,268.13780349958756,True,Optimal|Optimal,profit,normalized,87.91134078812301,57.345119313273045
0.16,4326897485.890933,184957431926.5242,4.326897485890933,184.9574319265242,Optimal,1,True,2459,776,profit,normalized,2950684119.277645,83256782282.80081,2.950684119277645,83.25678228280081,Optimal,1,True,1788,741,profit,normalized,7277581605.168578,268214214209.325,7.277581605168578,268.214214209325,True,Optimal|Optimal,profit,normalized,87.83689609278946,57.361460840687364
0.17,4321989948.961362,185022024554.95956,4.321989948961362,185.02202455495956,Optimal,1,True,2459,776,profit,normalized,2950669501.2599664,83256884403.59636,2.9506695012599664,83.25688440359636,Optimal,1,True,1788,741,profit,normalized,7272659450.221329,268278908958.5559,7.272659450221329,268.2789089585559,True,Optimal|Optimal,profit,normalized,87.77748805917193,57.375296741724696
0.18,4320166499.620588,185048634930.6863,4.320166499620588,185.04863493068632,Optimal,1,True,2459,776,profit,normalized,2943986543.8829913,83307944374.89197,2.9439865438829913,83.30794437489197,Optimal,1,True,1788,741,profit,normalized,7264153043.50358,268356579305.57828,7.26415304350358,268.3565793055783,True,Optimal|Optimal,profit,normalized,87.67481983729185,57.3919076606588
0.19,4313894391.197826,185147310329.34262,4.3138943911978265,185.14731032934262,Optimal,1,True,2459,776,profit,normalized,2939220150.195016,83346961297.36111,2.9392201501950157,83.34696129736112,Optimal,1,True,1788,741,profit,normalized,7253114541.392842,268494271626.70374,7.253114541392843,268.4942716267037,True,Optimal|Optimal,profit,normalized,87.5415904466063,57.4213551405755
0.2,4311237984.09047,185191072385.4216,4.311237984090471,185.1910723854216,Optimal,1,True,2459,776,profit,normalized,2914832356.6480923,83556915440.02882,2.9148323566480925,83.55691544002882,Optimal,1,True,1788,741,profit,normalized,7226070340.738563,268747987825.45044,7.226070340738563,268.7479878254504,True,Optimal|Optimal,profit,normalized,87.21518000263472,57.475615992640925
0.21,4309004992.348107,185229425328.42056,4.3090049923481075,185.22942532842058,Optimal,1,True,2459,776,profit,normalized,2907648814.5164495,83622920198.62454,2.9076488145164494,83.62292019862454,Optimal,1,True,1788,741,profit,normalized,7216653806.864557,268852345527.0451,7.216653806864557,268.8523455270451,True,Optimal|Optimal,profit,normalized,87.10152698542117,57.497934385538535
0.22,4293295306.319763,185522923481.02164,4.293295306319763,185.52292348102165,Optimal,1,True,2459,776,profit,normalized,2907647921.7278614,83622928749.45793,2.9076479217278615,83.62292874945793,Optimal,1,True,1788,741,profit,normalized,7200943228.047625,269145852230.47955,7.200943228047625,269.14585223047953,True,Optimal|Optimal,profit,normalized,86.91190788474074,57.56070500836017
0.23,4284602673.2484446,185698100783.10526,4.284602673248444,185.69810078310525,Optimal,1,True,2459,776,profit,normalized,2882925306.963854,83879903005.89352,2.8829253069638536,83.87990300589352,Optimal,1,True,1788,741,profit,normalized,7167527980.212298,269578003788.99878,7.167527980212299,269.5780037889988,True,Optimal|Optimal,profit,normalized,86.50860197746768,57.653126824162584
0.24,4276981646.1936445,185857611494.2711,4.2769816461936445,185.85761149427108,Optimal,1,True,2459,776,profit,normalized,2828557845.001912,84485183719.40909,2.828557845001912,84.4851837194091,Optimal,1,True,1788,741,profit,normalized,7105539491.195557,270342795213.68018,7.1055394911955565,270.3427952136802,True,Optimal|Optimal,profit,normalized,85.76043084533697,57.81668845152628
0.25,4274616432.3547497,185909473603.0527,4.274616432354749,185.9094736030527,Optimal,1,True,2459,776,profit,normalized,2826093289.7063575,84513985395.61528,2.8260932897063573,84.51398539561528,Optimal,1,True,1788,741,profit,normalized,7100709722.061108,270423458998.66797,7.100709722061108,270.42345899866797,True,Optimal|Optimal,profit,normalized,85.7021378638727,57.833939560150334
0.26,4269284978.5431843,186033510969.4086,4.269284978543184,186.0335109694086,Optimal,1,True,2459,776,profit,normalized,2825713122.29579,84518758865.26892,2.8257131222957903,84.51875886526892,Optimal,1,True,1788,741,profit,normalized,7094998100.838974,270552269834.67752,7.094998100838974,270.55226983467753,True,Optimal|Optimal,profit,normalized,85.63320135350041,57.86148760695092
0.27,4266208748.6608906,186107355722.1019,4.26620874866089,186.1073557221019,Optimal,1,True,2459,776,profit,normalized,2824631870.358966,84533024766.47357,2.824631870358966,84.53302476647357,Optimal,1,True,1788,741,profit,normalized,7090840619.019856,270640380488.57547,7.090840619019857,270.6403804885755,True,Optimal|Optimal,profit,normalized,85.58302255532737,57.880331335416656
0.28,4262193553.2649183,186211086003.60062,4.262193553264918,186.21108600360063,Optimal,1,True,2459,776,profit,normalized,2824625048.835945,84533117925.50949,2.8246250488359452,84.53311792550949,Optimal,1,True,1788,741,profit,normalized,7086818602.100863,270744203929.1101,7.0868186021008635,270.7442039291101,True,Optimal|Optimal,profit,normalized,85.53447875309146,57.90253546891544
0.29,4258743980.0606394,186305450919.35614,4.25874398006064,186.30545091935613,Optimal,1,True,2459,776,profit,normalized,2824625048.835945,84533117925.50949,2.8246250488359452,84.53311792550949,Optimal,1,True,1788,741,profit,normalized,7083369028.8965845,270838568844.86563,7.083369028896585,270.8385688448656,True,Optimal|Optimal,profit,normalized,85.49284407009547,57.922716761080736
0.3,4254826686.7183332,186416533551.1676,4.254826686718333,186.4165335511676,Optimal,1,True,2459,776,profit,normalized,2824625048.835945,84533117925.50949,2.8246250488359452,84.53311792550949,Optimal,1,True,1788,741,profit,normalized,7079451735.554278,270949651476.6771,7.0794517355542785,270.9496514766771,True,Optimal|Optimal,profit,normalized,85.44556423086581,57.946473376864574
0.31,4218604027.2907987,187518404696.60654,4.218604027290799,187.51840469660652,Optimal,1,True,2459,776,profit,normalized,2809672461.0026608,84766689571.85703,2.809672461002661,84.76668957185703,Optimal,1,True,1788,741,profit,normalized,7028276488.293459,272285094268.46356,7.028276488293459,272.2850942684636,True,Optimal|Optimal,profit,normalized,84.82790370570193,58.23207699273503
0.32,4214236479.0900598,187654763066.77,4.21423647909006,187.65476306677,Optimal,1,True,2459,776,profit,normalized,2807985433.682697,84794812256.24107,2.807985433682697,84.79481225624107,Optimal,1,True,1788,741,profit,normalized,7022221912.772757,272449575323.01105,7.022221912772757,272.44957532301106,True,Optimal|Optimal,profit,normalized,84.75482790253673,58.26725362793788
0.33,4204378382.351147,187972621854.4017,4.204378382351147,187.9726218544017,Optimal,1,True,2459,776,profit,normalized,2807780729.148108,84798342928.1859,2.807780729148108,84.7983429281859,Optimal,1,True,1788,741,profit,normalized,7012159111.499255,272770964782.5876,7.012159111499255,272.7709647825876,True,Optimal|Optimal,profit,normalized,84.63337474985272,58.33598737851279
0.34,4189203352.048963,188498645527.3497,4.189203352048963,188.4986455273497,Optimal,1,True,2459,776,profit,normalized,2807204476.869007,84808673782.24678,2.807204476869007,84.80867378224679,Optimal,1,True,1788,741,profit,normalized,6996407828.917971,273307319309.5965,6.99640782891797,273.3073193095965,True,Optimal|Optimal,profit,normalized,84.44326437438984,58.45069449531658
0.35,4186328869.1828837,188602488798.19138,4.1863288691828835,188.6024887981914,Optimal,1,True,2459,776,profit,normalized,2804436844.0598836,84860358827.6341,2.8044368440598837,84.86035882763409,Optimal,1,True,1788,741,profit,normalized,6990765713.242767,273462847625.82547,6.990765713242768,273.4628476258255,True,Optimal|Optimal,profit,normalized,84.37516676240918,58.48395645888286
0.36,4171010059.6633105,189181190249.93875,4.171010059663311,189.18119024993874,Optimal,1,True,2459,776,profit,normalized,2793408616.120456,85080360327.83205,2.7934086161204563,85.08036032783204,Optimal,1,True,1788,741,profit,normalized,6964418675.783767,274261550577.7708,6.964418675783767,274.26155057777083,True,Optimal|Optimal,profit,normalized,84.05717074158882,58.65477055326787
0.37,4162664953.471682,189508949714.61014,4.162664953471682,189.50894971461014,Optimal,1,True,2459,776,profit,normalized,2792838517.1099987,85091855530.34486,2.7928385171099985,85.09185553034486,Optimal,1,True,1788,741,profit,normalized,6955503470.58168,274600805244.95502,6.9555034705816805,274.60080524495504,True,Optimal|Optimal,profit,normalized,83.94956851938556,58.72732503500581
0.38,4158948261.317428,189661304729.62775,4.158948261317428,189.66130472962774,Optimal,1,True,2459,776,profit,normalized,2791939979.9899793,85111307672.78418,2.791939979989979,85.11130767278418,Optimal,1,True,1788,741,profit,normalized,6950888241.307407,274772612402.41193,6.950888241307408,274.77261240241194,True,Optimal|Optimal,profit,normalized,83.89386493044597,58.7640684625071
0.39,4141328833.830093,190414053201.13452,4.141328833830093,190.41405320113452,Optimal,1,True,2459,776,profit,normalized,2789332326.080071,85169898988.6743,2.789332326080071,85.1698989886743,Optimal,1,True,1788,741,profit,normalized,6930661159.910164,275583952189.80884,6.930661159910164,275.5839521898088,True,Optimal|Optimal,profit,normalized,83.64973382435322,58.9375851255984
0.4,4134243403.737248,190732829277.83975,4.134243403737248,190.73282927783976,Optimal,1,True,2459,776,profit,normalized,2786643598.2914658,85232185889.70766,2.786643598291466,85.23218588970765,Optimal,1,True,1788,741,profit,normalized,6920887002.028713,275965015167.5474,6.920887002028714,275.96501516754745,True,Optimal|Optimal,profit,normalized,83.53176445804371,59.01908091484964
0.41,4112299663.500775,191739027746.62045,4.1122996635007745,191.73902774662045,Optimal,1,True,2459,776,profit,normalized,2782444268.330941,85334772584.91333,2.7824442683309414,85.33477258491332,Optimal,1,True,1788,741,profit,normalized,6894743931.831717,277073800331.5338,6.894743931831717,277.0738003315338,True,Optimal|Optimal,profit,normalized,83.2162302235929,59.2562105425699
0.42,4111334062.4591756,191785874152.39047,4.111334062459176,191.78587415239048,Optimal,1,True,2459,776,profit,normalized,2781284828.241157,85363774560.65442,2.781284828241157,85.36377456065442,Optimal,1,True,1788,741,profit,normalized,6892618890.700333,277149648713.0449,6.892618890700333,277.14964871304494,True,Optimal|Optimal,profit,normalized,83.19058200318439,59.27243180801888
0.43,4109691128.4321346,191868613348.43347,4.109691128432135,191.86861334843348,Optimal,1,True,2459,776,profit,normalized,2781284828.241157,85363774560.65442,2.781284828241157,85.36377456065442,Optimal,1,True,1788,741,profit,normalized,6890975956.673292,277232387909.0879,6.890975956673292,277.2323879090879,True,Optimal|Optimal,profit,normalized,83.17075258274643,59.2901267730967
0.44,4101431857.4144936,192307450421.17822,4.101431857414494,192.30745042117823,Optimal,1,True,2459,776,profit,normalized,2781208118.0075126,85365859234.54927,2.7812081180075126,85.36585923454928,Optimal,1,True,1788,741,profit,normalized,6882639975.422007,277673309655.7275,6.8826399754220065,277.67330965572745,True,Optimal|Optimal,profit,normalized,83.07014131395893,59.38442421955468
0.45,4092967444.269821,192770159337.55292,4.092967444269821,192.7701593375529,Optimal,1,True,2459,776,profit,normalized,2781208118.0075126,85365859234.54927,2.7812081180075126,85.36585923454928,Optimal,1,True,1788,741,profit,normalized,6874175562.277334,278136018572.1022,6.874175562277334,278.13601857210216,True,Optimal|Optimal,profit,normalized,82.96797993422985,59.48338116508983
0.46,4092952465.9678717,192771019582.80273,4.092952465967872,192.77101958280272,Optimal,1,True,2459,776,profit,normalized,2779375852.2166247,85420442167.05434,2.7793758522166248,85.42044216705433,Optimal,1,True,1788,741,profit,normalized,6872328318.184496,278191461749.85706,6.872328318184496,278.19146174985707,True,Optimal|Optimal,profit,normalized,82.94568458994605,59.495238484729086
0.47,4084402500.277375,193278085563.3744,4.084402500277375,193.2780855633744,Optimal,1,True,2459,776,profit,normalized,2773130741.0205235,85615824701.0797,2.7731307410205237,85.6158247010797,Optimal,1,True,1788,741,profit,normalized,6857533241.297899,278893910264.4541,6.857533241297899,278.8939102644541,True,Optimal|Optimal,profit,normalized,82.76711515552708,59.645467185625634
0.48,4077568046.045436,193693886211.94623,4.077568046045436,193.69388621194622,Optimal,1,True,2459,776,profit,normalized,2772866153.3147283,85624347047.50883,2.772866153314728,85.62434704750883,Optimal,1,True,1788,741,profit,normalized,6850434199.360165,279318233259.4551,6.850434199360165,279.3182332594551,True,Optimal|Optimal,profit,normalized,82.68143314701477,59.73621475071388
0.49,4074573437.288376,193884855714.2809,4.074573437288376,193.88485571428092,Optimal,1,True,2459,776,profit,normalized,2772321058.676584,85642494760.28215,2.772321058676584,85.64249476028215,Optimal,1,True,1788,741,profit,normalized,6846894495.96496,279527350474.56305,6.8468944959649605,279.52735047456304,True,Optimal|Optimal,profit,normalized,82.63871063613243,59.78093746975727
0.5,4074573437.288376,193884855714.2809,4.074573437288376,193.88485571428092,Optimal,1,True,2459,776,profit,normalized,2772137464.149767,85648928271.09235,2.772137464149767,85.64892827109234,Optimal,1,True,1788,741,profit,normalized,6846710901.438143,279533783985.3733,6.846710901438143,279.5337839853733,True,Optimal|Optimal,profit,normalized,82.63649473883989,59.78231336841908
0.51,4074473573.217266,193891693579.71225,4.074473573217266,193.89169357971224,Optimal,1,True,2459,776,profit,normalized,2769678872.608558,85739564780.34587,2.769678872608558,85.73956478034587,Optimal,1,True,1788,741,profit,normalized,6844152445.825825,279631258360.0581,6.8441524458258245,279.6312583600581,True,Optimal|Optimal,profit,normalized,82.60561541491481,59.80315966302334
0.52,4070584239.3752146,194171399939.3591,4.070584239375215,194.1713999393591,Optimal,1,True,2459,776,profit,normalized,2767094322.9098516,85839355832.15157,2.7670943229098515,85.83935583215157,Optimal,1,True,1788,741,profit,normalized,6837678562.285067,280010755771.5107,6.837678562285067,280.0107557715107,True,Optimal|Optimal,profit,normalized,82.52747876640474,59.884320633445235
0.53,4066717249.6585245,194465190918.45773,4.066717249658525,194.46519091845772,Optimal,1,True,2459,776,profit,normalized,2740090849.772735,86905681318.03244,2.740090849772735,86.90568131803244,Optimal,1,True,1788,741,profit,normalized,6806808099.431259,281370872236.4902,6.806808099431259,281.3708722364902,True,Optimal|Optimal,profit,normalized,82.15488718514366,60.17520106860296
0.54,4050402528.3361263,195723191050.94852,4.050402528336126,195.72319105094851,Optimal,1,True,2459,776,profit,normalized,2739563015.975038,86927815426.29169,2.739563015975038,86.92781542629169,Optimal,1,True,1788,741,profit,normalized,6789965544.311165,282651006477.24023,6.789965544311165,282.65100647724023,True,Optimal|Optimal,profit,normalized,81.95160567704347,60.44897615669095
0.55,4050402528.3361263,195723191050.94852,4.050402528336126,195.72319105094851,Optimal,1,True,2459,776,profit,normalized,2731029895.0029693,87290895151.01054,2.7310298950029694,87.29089515101055,Optimal,1,True,1788,741,profit,normalized,6781432423.339096,283014086201.95905,6.781432423339096,283.01408620195906,True,Optimal|Optimal,profit,normalized,81.84861502701237,60.526625969072825
0.56,4044712805.09171,196204806039.7322,4.04471280509171,196.2048060397322,Optimal,1,True,2459,776,profit,normalized,2730659365.8809175,87307615869.94586,2.7306593658809177,87.30761586994586,Optimal,1,True,1788,741,profit,normalized,6775372170.972628,283512421909.6781,6.775372170972628,283.5124219096781,True,Optimal|Optimal,profit,normalized,81.77547070705978,60.63320221548135
0.57,4044534833.4390736,196220765556.61563,4.044534833439074,196.22076555661562,Optimal,1,True,2459,776,profit,normalized,2729535058.722678,87359606530.17789,2.729535058722678,87.35960653017789,Optimal,1,True,1788,741,profit,normalized,6774069892.161752,283580372086.7935,6.7740698921617515,283.58037208679355,True,Optimal|Optimal,profit,normalized,81.75975283060016,60.64773433651459
0.58,4040403775.831828,196606308311.26352,4.0404037758318285,196.60630831126352,Optimal,1,True,2459,776,profit,normalized,2725297678.946194,87566736922.5333,2.7252976789461942,87.5667369225333,Optimal,1,True,1788,741,profit,normalized,6765701454.778023,284173045233.7968,6.765701454778023,284.1730452337968,True,Optimal|Optimal,profit,normalized,81.65874983196507,60.77448599885051
0.59,4037229908.3523197,196910186824.82462,4.0372299083523195,196.91018682482462,Optimal,1,True,2459,776,profit,normalized,2725296314.282957,87566806368.36119,2.725296314282957,87.56680636836118,Optimal,1,True,1788,741,profit,normalized,6762526222.635277,284476993193.1858,6.762526222635277,284.47699319318576,True,Optimal|Optimal,profit,normalized,81.62042631311992,60.839489634177944
0.6,4034710813.40473,197161087621.76413,4.03471081340473,197.16108762176412,Optimal,1,True,2459,776,profit,normalized,2720575151.7206264,87810189020.68155,2.7205751517206265,87.81018902068155,Optimal,1,True,1788,741,profit,normalized,6755285965.125357,284971276642.4457,6.755285965125356,284.9712766424457,True,Optimal|Optimal,profit,normalized,81.53303990083533,60.945199246930954
0.61,4032618161.153759,197378623737.5132,4.032618161153759,197.3786237375132,Optimal,1,True,2459,776,profit,normalized,2714706086.4511123,88132487328.79698,2.714706086451112,88.13248732879698,Optimal,1,True,1788,741,profit,normalized,6747324247.604872,285511111066.3102,6.747324247604872,285.5111110663102,True,Optimal|Optimal,profit,normalized,81.43694581457044,61.060650589643146
0.62,4027644165.9032927,197927575276.29916,4.027644165903292,197.92757527629917,Optimal,1,True,2459,776,profit,normalized,2713756880.566645,88186560629.05574,2.713756880566645,88.18656062905573,Optimal,1,True,1788,741,profit,normalized,6741401046.469938,286114135905.3549,6.741401046469938,286.11413590535494,True,Optimal|Optimal,profit,normalized,81.36545563680913,61.18961610995606
0.63,4023607424.6102886,198382387257.71,4.023607424610288,198.38238725770998,Optimal,1,True,2459,776,profit,normalized,2712374329.0516877,88269076144.31631,2.7123743290516877,88.26907614431632,Optimal,1,True,1788,741,profit,normalized,6735981753.661976,286651463402.0263,6.735981753661976,286.6514634020263,True,Optimal|Optimal,profit,normalized,81.30004738924909,61.304531310292475
0.64,4021621303.0390415,198617690348.14725,4.0216213030390415,198.61769034814725,Optimal,1,True,2459,776,profit,normalized,2712229400.018815,88277996220.20493,2.712229400018815,88.27799622020493,Optimal,1,True,1788,741,profit,normalized,6733850703.057857,286895686568.3522,6.733850703057857,286.8956865683522,True,Optimal|Optimal,profit,normalized,81.27432663740625,61.35676194106978
0.65,4017547321.1674347,199124422872.34012,4.017547321167434,199.12442287234012,Optimal,1,True,2459,776,profit,normalized,2711037591.1095767,88354759232.08353,2.7110375911095765,88.35475923208352,Optimal,1,True,1788,741,profit,normalized,6728584912.277012,287479182104.42365,6.728584912277012,287.47918210442367,True,Optimal|Optimal,profit,normalized,81.21077108519712,61.48155083953195
0.66,4010232038.4703035,200078516233.01462,4.010232038470304,200.07851623301462,Optimal,1,True,2459,776,profit,normalized,2708727754.4301906,88510151043.27338,2.7087277544301904,88.51015104327338,Optimal,1,True,1788,741,profit,normalized,6718959792.900494,288588667276.28796,6.718959792900494,288.58866727628794,True,Optimal|Optimal,profit,normalized,81.09460054168092,61.71883017398792
0.67,4009200965.441574,200217951937.6884,4.009200965441574,200.21795193768838,Optimal,1,True,2459,776,profit,normalized,2707515789.7973137,88596322040.93875,2.7075157897973137,88.59632204093874,Optimal,1,True,1788,741,profit,normalized,6716716755.238888,288814273978.62714,6.716716755238888,288.8142739786271,True,Optimal|Optimal,profit,normalized,81.06752816012566,61.76707940663867
0.68,4007821182.5862036,200414861063.7305,4.007821182586204,200.4148610637305,Optimal,1,True,2459,776,profit,normalized,2706936342.5732503,88638611963.1648,2.7069363425732504,88.63861196316479,Optimal,1,True,1788,741,profit,normalized,6714757525.159454,289053473026.89526,6.714757525159454,289.0534730268953,True,Optimal|Optimal,profit,normalized,81.04388119905458,61.81823555763093
0.69,4005004424.439328,200828951292.70395,4.005004424439329,200.82895129270395,Optimal,1,True,2459,776,profit,normalized,2704566672.2029023,88824254378.04158,2.7045666722029025,88.82425437804159,Optimal,1,True,1788,741,profit,normalized,6709571096.642231,289653205670.74554,6.709571096642231,289.65320567074554,True,Optimal|Optimal,profit,normalized,80.98128351104837,61.9464969947308
0.7,4003583349.9877243,201049881822.17838,4.003583349987724,201.04988182217838,Optimal,1,True,2459,776,profit,normalized,2702632023.318084,88981826531.40105,2.702632023318084,88.98182653140104,Optimal,1,True,1788,741,profit,normalized,6706215373.305808,290031708353.5794,6.706215373305808,290.0317083535794,True,Optimal|Optimal,profit,normalized,80.94078155064327,62.02744522815487
0.71,3994660112.7503757,202518860972.30692,3.994660112750376,202.51886097230692,Optimal,1,True,2459,776,profit,normalized,2702632023.318084,88981826531.40105,2.702632023318084,88.98182653140104,Optimal,1,True,1788,741,profit,normalized,6697292136.0684595,291500687503.70795,6.69729213606846,291.5006875037079,True,Optimal|Optimal,profit,normalized,80.83308238565256,62.341607511627736
0.72,3992405146.6856956,202903754418.20187,3.992405146685696,202.90375441820188,Optimal,1,True,2459,776,profit,normalized,2702632023.318084,88981826531.40105,2.702632023318084,88.98182653140104,Optimal,1,True,1788,741,profit,normalized,6695037170.003779,291885580949.6029,6.695037170003779,291.8855809496029,True,Optimal|Optimal,profit,normalized,80.80586603403167,62.42392250149368
0.73,3989086126.5350294,203496823263.19608,3.9890861265350295,203.49682326319606,Optimal,1,True,2459,776,profit,normalized,2702632023.318084,88981826531.40105,2.702632023318084,88.98182653140104,Optimal,1,True,1788,741,profit,normalized,6691718149.853113,292478649794.5971,6.691718149853113,292.4786497945971,True,Optimal|Optimal,profit,normalized,80.76580706335699,62.55075878952656
0.74,3989086126.5350294,203496823263.19608,3.9890861265350295,203.49682326319606,Optimal,1,True,2459,776,profit,normalized,2695543413.49452,89687211848.54642,2.69554341349452,89.68721184854641,Optimal,1,True,1788,741,profit,normalized,6684629540.02955,293184035111.7425,6.684629540029549,293.1840351117425,True,Optimal|Optimal,profit,normalized,80.68025096542571,62.70161556781592
0.75,3988635781.0251665,203588400071.48093,3.9886357810251667,203.58840007148092,Optimal,1,True,2459,776,profit,normalized,2695528449.066841,89688775125.91957,2.695528449066841,89.68877512591958,Optimal,1,True,1788,741,profit,normalized,6684164230.092008,293277175197.4005,6.684164230092008,293.27717519740054,True,Optimal|Optimal,profit,normalized,80.67463489914819,62.72153491247824
0.76,3988585898.533415,203598686457.158,3.988585898533415,203.59868645715798,Optimal,1,True,2459,776,profit,normalized,2695390968.582434,89704323656.77054,2.695390968582434,89.70432365677054,Optimal,1,True,1788,741,profit,normalized,6683976867.115849,293303010113.9285,6.683976867115849,293.3030101139285,True,Optimal|Optimal,profit,normalized,80.67237351849161,62.72706008032631
0.77,3986154153.888446,204129456256.8198,3.986154153888446,204.1294562568198,Optimal,1,True,2459,776,profit,normalized,2694686196.557322,89784349578.7053,2.694686196557322,89.7843495787053,Optimal,1,True,1788,741,profit,normalized,6680840350.445768,293913805835.5251,6.680840350445768,293.91380583552507,True,Optimal|Optimal,profit,normalized,80.63451727670828,62.85768751545052
0.78,3984250635.6937447,204573714052.43448,3.9842506356937446,204.57371405243447,Optimal,1,True,2459,776,profit,normalized,2692990546.3240094,89992774370.27306,2.6929905463240096,89.99277437027305,Optimal,1,True,1788,741,profit,normalized,6677241182.017754,294566488422.7075,6.677241182017753,294.5664884227075,True,Optimal|Optimal,profit,normalized,80.59107705159182,62.99727305820943
0.79,3980964861.311922,205396202295.46713,3.980964861311922,205.39620229546713,Optimal,1,True,2459,776,profit,normalized,2692862171.587892,90009419665.06248,2.692862171587892,90.00941966506248,Optimal,1,True,1788,741,profit,normalized,6673827032.899815,295405621960.5296,6.673827032899815,295.40562196052963,True,Optimal|Optimal,profit,normalized,80.5498699202139,63.17673381390348
0.8,3975713249.7322025,206784397120.21512,3.9757132497322027,206.78439712021512,Optimal,1,True,2459,776,profit,normalized,2692862171.587892,90009419665.06248,2.692862171587892,90.00941966506248,Optimal,1,True,1788,741,profit,normalized,6668575421.320095,296793816785.2776,6.668575421320095,296.7938167852776,True,Optimal|Optimal,profit,normalized,80.48648550411613,63.47361920945854
0.81,3968941531.9261684,208689249940.48154,3.9689415319261685,208.68924994048155,Optimal,1,True,2459,776,profit,normalized,2692783976.055111,90021275305.5554,2.692783976055111,90.0212753055554,Optimal,1,True,1788,741,profit,normalized,6661725507.981279,298710525246.0369,6.661725507981279,298.7105252460369,True,Optimal|Optimal,profit,normalized,80.4038103575044,63.88353483469478
0.82,3968712075.8381596,208757838552.85886,3.9687120758381598,208.75783855285886,Optimal,1,True,2459,776,profit,normalized,2691823653.9342575,90170716594.57414,2.6918236539342577,90.17071659457415,Optimal,1,True,1788,741,profit,normalized,6660535729.772417,298928555147.433,6.660535729772417,298.928555147433,True,Optimal|Optimal,profit,normalized,80.3894503089917,63.930163659672964
0.83,3968284226.958946,208896577199.20987,3.9682842269589464,208.89657719920987,Optimal,1,True,2459,776,profit,normalized,2690486769.3546376,90391233058.15489,2.6904867693546377,90.3912330581549,Optimal,1,True,1788,741,profit,normalized,6658770996.313583,299287810257.36475,6.658770996313583,299.28781025736475,True,Optimal|Optimal,profit,normalized,80.3681508282212,64.00699552326721
0.84,3967565127.128146,209148796665.17722,3.9675651271281462,209.14879666517723,Optimal,1,True,2459,776,profit,normalized,2687933233.9423237,90860650631.38594,2.687933233942324,90.86065063138594,Optimal,1,True,1788,741,profit,normalized,6655498361.07047,300009447296.5632,6.65549836107047,300.00944729656317,True,Optimal|Optimal,profit,normalized,80.32865170098437,64.16132796566664
0.85,3966825003.2338014,209428369207.33218,3.9668250032338013,209.4283692073322,Optimal,1,True,2459,776,profit,normalized,2687164455.0837655,91008769950.34813,2.6871644550837654,91.00876995034812,Optimal,1,True,1788,741,profit,normalized,6653989458.317567,300437139157.6803,6.653989458317567,300.4371391576803,True,Optimal|Optimal,profit,normalized,80.31043997331007,64.25279601114542
0.86,3966406987.793962,209597215349.203,3.966406987793962,209.597215349203,Optimal,1,True,2459,776,profit,normalized,2686930196.8665247,91056427802.33907,2.6869301968665247,91.05642780233906,Optimal,1,True,1788,741,profit,normalized,6653337184.660486,300653643151.54205,6.6533371846604865,300.65364315154204,True,Optimal|Optimal,profit,normalized,80.30256734521059,64.29909849888777
0.87,3963287922.473539,210973853219.22983,3.9632879224735387,210.97385321922982,Optimal,1,True,2459,776,profit,normalized,2685700938.8926325,91348613943.28944,2.6857009388926323,91.34861394328945,Optimal,1,True,1788,741,profit,normalized,6648988861.366171,302322467162.5193,6.6489888613661705,302.3224671625193,True,Optimal|Optimal,profit,normalized,80.25008518257714,64.65600047530936
0.88,3954597461.6120925,215106768603.00525,3.9545974616120927,215.10676860300524,Optimal,1,True,2459,776,profit,normalized,2684150676.6914372,91747463989.39914,2.6841506766914374,91.74746398939914,Optimal,1,True,1788,741,profit,normalized,6638748138.30353,306854232592.4044,6.63874813830353,306.8542325924044,True,Optimal|Optimal,profit,normalized,80.12648459980534,65.62518358147636
0.89,3954413116.581467,215199478036.1749,3.9544131165814673,215.1994780361749,Optimal,1,True,2459,776,profit,normalized,2684082176.766195,91767208901.17181,2.6840821767661946,91.76720890117181,Optimal,1,True,1788,741,profit,normalized,6638495293.347662,306966686937.3467,6.6384952933476615,306.9666869373467,True,Optimal|Optimal,profit,normalized,80.12343288327078,65.64923355780884
0.9,3954154767.116215,215350146341.14304,3.9541547671162154,215.35014634114304,Optimal,1,True,2459,776,profit,normalized,2683953830.8640103,91805976975.37833,2.6839538308640103,91.80597697537833,Optimal,1,True,1788,741,profit,normalized,6638108597.980226,307156123316.52136,6.638108597980225,307.15612331652136,True,Optimal|Optimal,profit,normalized,80.11876565689643,65.68974724750223
0.91,3953248340.4451833,215933588738.77823,3.9532483404451835,215.93358873877824,Optimal,1,True,2459,776,profit,normalized,2682621573.3098373,92261289550.19933,2.6826215733098375,92.26128955019932,Optimal,1,True,1788,741,profit,normalized,6635869913.75502,308194878288.97754,6.6358699137550206,308.1948782889775,True,Optimal|Optimal,profit,normalized,80.09174581921651,65.91189991324093
0.92,3951887667.491135,216944808905.74258,3.951887667491135,216.94480890574258,Optimal,1,True,2459,776,profit,normalized,2682565017.8209124,92283553384.21413,2.682565017820912,92.28355338421413,Optimal,1,True,1788,741,profit,normalized,6634452685.312048,309228362289.9567,6.634452685312048,309.22836228995675,True,Optimal|Optimal,profit,normalized,80.07464055619938,66.13292530604647
0.93,3947753564.620956,220488548888.67386,3.947753564620956,220.48854888867385,Optimal,1,True,2459,776,profit,normalized,2680528904.0411043,93218132111.99666,2.6805289040411044,93.21813211199665,Optimal,1,True,1788,741,profit,normalized,6628282468.66206,313706681000.67053,6.62828246866206,313.7066810006705,True,Optimal|Optimal,profit,normalized,80.00016902043946,67.09067806390831
0.94,3947580941.0951953,220662872472.50818,3.9475809410951954,220.66287247250818,Optimal,1,True,2459,776,profit,normalized,2680422083.2295976,93273805576.67622,2.6804220832295975,93.27380557667622,Optimal,1,True,1788,741,profit,normalized,6628003024.324793,313936678049.1844,6.6280030243247925,313.93667804918437,True,Optimal|Optimal,profit,normalized,79.99679626221456,67.13986623512695
0.95,3947229676.384989,221103442546.76248,3.947229676384989,221.1034425467625,Optimal,1,True,2459,776,profit,normalized,2680026509.632396,93497473425.5129,2.680026509632396,93.4974734255129,Optimal,1,True,1788,741,profit,normalized,6627256186.0173855,314600915972.2754,6.6272561860173855,314.6009159722754,True,Optimal|Optimal,profit,normalized,79.9877822844449,67.28192305238626
0.96,3946401989.566373,222243576872.01752,3.9464019895663727,222.2435768720175,Optimal,1,True,2459,776,profit,normalized,2679474516.286923,93933352237.1567,2.679474516286923,93.9333522371567,Optimal,1,True,1788,741,profit,normalized,6625876505.853296,316176929109.1742,6.625876505853296,316.1769291091742,True,Optimal|Optimal,profit,normalized,79.9711302110242,67.61897609076877
0.97,3945880191.7144933,223327728787.79495,3.9458801917144934,223.32772878779494,Optimal,1,True,2459,776,profit,normalized,2679327635.88782,94081099896.48415,2.67932763588782,94.08109989648415,Optimal,1,True,1788,741,profit,normalized,6625207827.602313,317408828684.2791,6.625207827602313,317.4088286842791,True,Optimal|Optimal,profit,normalized,79.96305958739707,67.88243550303501
0.98,3945797563.3159733,223574821606.4963,3.945797563315973,223.5748216064963,Optimal,1,True,2459,776,profit,normalized,2679317100.3914495,94096462484.98659,2.6793171003914495,94.09646248498659,Optimal,1,True,1788,741,profit,normalized,6625114663.707422,317671284091.4829,6.625114663707422,317.6712840914829,True,Optimal|Optimal,profit,normalized,79.96193514416865,67.93856536031019
0.99,3945721319.060784,223927671457.13422,3.945721319060784,223.9276714571342,Optimal,1,True,2459,776,profit,normalized,2679307361.422956,94121835060.17625,2.679307361422956,94.12183506017625,Optimal,1,True,1788,741,profit,normalized,6625028680.48374,318049506517.3105,6.62502868048374,318.0495065173105,True,Optimal|Optimal,profit,normalized,79.96089736817466,68.01945365674942
1.0,3945707318.1085024,224126042133.272,3.9457073181085023,224.126042133272,Optimal,1,True,2459,776,profit,normalized,2679280543.316712,94268054460.9243,2.679280543316712,94.2680544609243,Optimal,1,True,1788,741,profit,normalized,6624987861.425215,318394096594.1963,6.624987861425215,318.3940965941963,True,Optimal|Optimal,profit,normalized,79.96040470184718,68.0931491924601
