Alpha,objective_nitrogen,objective_water,nitrogen_mt,water_bcm,solve_status,solve_status_code,is_valid,variable_count,constraint_count,income_mode,objective_mode
0.0,3062441417.063631,92130329321.81967,3.062441417063631,92.13032932181967,Optimal,1,True,1788,741,profit,normalized
0.01,3062441417.0636315,92130329321.81967,3.0624414170636314,92.13032932181967,Optimal,1,True,1788,741,profit,normalized
0.02,3057783777.362964,92133045388.96039,3.0577837773629644,92.13304538896038,Optimal,1,True,1788,741,profit,normalized
0.03,3053327436.2345123,92136883364.87177,3.0533274362345124,92.13688336487176,Optimal,1,True,1788,741,profit,normalized
0.04,3049567720.455284,92141159237.80702,3.049567720455284,92.14115923780702,Optimal,1,True,1788,741,profit,normalized
0.05,3049567720.455284,92141159237.80702,3.049567720455284,92.14115923780702,Optimal,1,True,1788,741,profit,normalized
0.06,3038204651.4793744,92164426163.85956,3.0382046514793744,92.16442616385956,Optimal,1,True,1788,741,profit,normalized
0.07,3038204651.4793744,92164426163.85956,3.0382046514793744,92.16442616385956,Optimal,1,True,1788,741,profit,normalized
0.08,3037521925.146864,92166430510.34412,3.037521925146864,92.16643051034411,Optimal,1,True,1788,741,profit,normalized
0.09,3015650353.715826,92238212528.52667,3.015650353715826,92.23821252852667,Optimal,1,True,1788,741,profit,normalized
0.1,3003109974.3854866,92287591537.29456,3.0031099743854868,92.28759153729456,Optimal,1,True,1788,741,profit,normalized
0.11,3003017258.8648496,92287980595.88936,3.0030172588648494,92.28798059588937,Optimal,1,True,1788,741,profit,normalized
0.12,3002535616.3217754,92290320125.92871,3.0025356163217753,92.29032012592872,Optimal,1,True,1788,741,profit,normalized
0.13,2997826026.6701937,92314103592.23163,2.9978260266701935,92.31410359223163,Optimal,1,True,1788,741,profit,normalized
0.14,2992296405.7860017,92343767940.29373,2.9922964057860018,92.34376794029373,Optimal,1,True,1788,741,profit,normalized
0.15,2987887101.11507,92371138680.15314,2.98788710111507,92.37113868015314,Optimal,1,True,1788,741,profit,normalized
0.16,2984785936.498402,92391131598.10608,2.984785936498402,92.39113159810609,Optimal,1,True,1788,741,profit,normalized
0.17,2982585877.410547,92406778815.37108,2.9825858774105467,92.40677881537108,Optimal,1,True,1788,741,profit,normalized
0.18,2970666082.0318847,92495308739.26569,2.970666082031885,92.49530873926568,Optimal,1,True,1788,741,profit,normalized
0.19,2963090309.6795397,92557255886.89896,2.9630903096795396,92.55725588689896,Optimal,1,True,1788,741,profit,normalized
0.2,2936219709.417051,92788689111.87187,2.936219709417051,92.78868911187188,Optimal,1,True,1788,741,profit,normalized
0.21,2936219297.0625386,92788692965.92937,2.9362192970625385,92.78869296592937,Optimal,1,True,1788,741,profit,normalized
0.22,2936218561.060325,92788700254.37357,2.936218561060325,92.78870025437357,Optimal,1,True,1788,741,profit,normalized
0.23,2923159955.955151,92923659951.6653,2.923159955955151,92.9236599516653,Optimal,1,True,1788,741,profit,normalized
0.24,2869273659.017441,93523703119.18092,2.869273659017441,93.52370311918092,Optimal,1,True,1788,741,profit,normalized
0.25,2864442325.676761,93579185797.73363,2.864442325676761,93.57918579773363,Optimal,1,True,1788,741,profit,normalized
0.26,2864442312.1134214,93579185963.51476,2.8644423121134213,93.57918596351476,Optimal,1,True,1788,741,profit,normalized
0.27,2863344147.425929,93593675013.56387,2.863344147425929,93.59367501356387,Optimal,1,True,1788,741,profit,normalized
0.28,2861989515.770268,93612075998.27052,2.861989515770268,93.61207599827053,Optimal,1,True,1788,741,profit,normalized
0.29,2855292454.8235555,93708422639.29231,2.8552924548235556,93.70842263929231,Optimal,1,True,1788,741,profit,normalized
0.3,2837817908.9495144,93968047894.13704,2.8378179089495146,93.96804789413704,Optimal,1,True,1788,741,profit,normalized
0.31,2822865313.813514,94201619652.39647,2.822865313813514,94.20161965239647,Optimal,1,True,1788,741,profit,normalized
0.32,2822089648.6754684,94214549954.41933,2.8220896486754685,94.21454995441933,Optimal,1,True,1788,741,profit,normalized
0.33,2821948062.6873736,94216999260.49768,2.821948062687374,94.21699926049769,Optimal,1,True,1788,741,profit,normalized
0.34,2820764318.105057,94238155069.81305,2.8207643181050566,94.23815506981305,Optimal,1,True,1788,741,profit,normalized
0.35,2820073070.7057943,94251090380.20082,2.8200730707057944,94.25109038020082,Optimal,1,True,1788,741,profit,normalized
0.36,2806506537.4174986,94521438869.74434,2.8065065374174987,94.52143886974434,Optimal,1,True,1788,741,profit,normalized
0.37,2806448374.7853684,94522658437.8588,2.8064483747853686,94.5226584378588,Optimal,1,True,1788,741,profit,normalized
0.38,2806425233.114129,94523153810.06247,2.8064252331141293,94.52315381006247,Optimal,1,True,1788,741,profit,normalized
0.39,2806425233.114129,94523153810.06247,2.8064252331141293,94.52315381006247,Optimal,1,True,1788,741,profit,normalized
0.4,2800157578.280008,94668679556.66324,2.800157578280008,94.66867955666324,Optimal,1,True,1788,741,profit,normalized
0.41,2799598459.869268,94682019773.40321,2.799598459869268,94.68201977340321,Optimal,1,True,1788,741,profit,normalized
0.42,2799598459.869268,94682019773.40321,2.799598459869268,94.68201977340321,Optimal,1,True,1788,741,profit,normalized
0.43,2798043422.379964,94722410760.63914,2.7980434223799637,94.72241076063915,Optimal,1,True,1788,741,profit,normalized
0.44,2797607104.2069983,94734510153.0467,2.7976071042069983,94.73451015304671,Optimal,1,True,1788,741,profit,normalized
0.45,2794139003.459112,94835100454.67482,2.794139003459112,94.83510045467482,Optimal,1,True,1788,741,profit,normalized
0.46,2792219562.8332458,94893461984.40837,2.7922195628332456,94.89346198440838,Optimal,1,True,1788,741,profit,normalized
0.47,2792219562.8332458,94893461984.40837,2.7922195628332456,94.89346198440838,Optimal,1,True,1788,741,profit,normalized
0.48,2791983696.572139,94901136397.35832,2.7919836965721387,94.90113639735833,Optimal,1,True,1788,741,profit,normalized
0.49,2791949025.863549,94902302515.29738,2.7919490258635493,94.90230251529738,Optimal,1,True,1788,741,profit,normalized
0.5,2791943776.568254,94902489100.45793,2.791943776568254,94.90248910045793,Optimal,1,True,1788,741,profit,normalized
0.51,2791943776.568254,94902489100.45793,2.791943776568254,94.90248910045793,Optimal,1,True,1788,741,profit,normalized
0.52,2791878397.9833026,94904966636.80174,2.7918783979833024,94.90496663680175,Optimal,1,True,1788,741,profit,normalized
0.53,2763350441.436765,96032436318.90083,2.7633504414367653,96.03243631890084,Optimal,1,True,1788,741,profit,normalized
0.54,2763290596.6387053,96034881656.64787,2.763290596638705,96.03488165664787,Optimal,1,True,1788,741,profit,normalized
0.55,2761859294.192433,96095985813.94746,2.761859294192433,96.09598581394746,Optimal,1,True,1788,741,profit,normalized
0.56,2761859294.192433,96095985813.94746,2.761859294192433,96.09598581394746,Optimal,1,True,1788,741,profit,normalized
0.57,2761859294.192433,96095985813.94746,2.761859294192433,96.09598581394746,Optimal,1,True,1788,741,profit,normalized
0.58,2761594815.066961,96108744650.46501,2.7615948150669607,96.10874465046501,Optimal,1,True,1788,741,profit,normalized
0.59,2761594815.066961,96108744650.46501,2.7615948150669607,96.10874465046501,Optimal,1,True,1788,741,profit,normalized
0.6,2760405934.1734014,96171418792.9374,2.7604059341734013,96.17141879293739,Optimal,1,True,1788,741,profit,normalized
0.61,2760405934.1734014,96171418792.9374,2.7604059341734013,96.17141879293739,Optimal,1,True,1788,741,profit,normalized
0.62,2760393773.973453,96172109483.95369,2.760393773973453,96.17210948395369,Optimal,1,True,1788,741,profit,normalized
0.63,2758233493.778724,96300844216.25365,2.7582334937787243,96.30084421625365,Optimal,1,True,1788,741,profit,normalized
0.64,2757710876.9756627,96333965986.02147,2.7577108769756626,96.33396598602147,Optimal,1,True,1788,741,profit,normalized
0.65,2755653657.0289297,96466299030.1989,2.7556536570289296,96.4662990301989,Optimal,1,True,1788,741,profit,normalized
0.66,2751963679.0943546,96719845128.9416,2.7519636790943545,96.7198451289416,Optimal,1,True,1788,741,profit,normalized
0.67,2751582430.0818105,96747242690.66716,2.7515824300818106,96.74724269066716,Optimal,1,True,1788,741,profit,normalized
0.68,2751293851.4744096,96768966074.49113,2.7512938514744096,96.76896607449113,Optimal,1,True,1788,741,profit,normalized
0.69,2750186788.8618727,96855124715.13249,2.7501867888618725,96.85512471513249,Optimal,1,True,1788,741,profit,normalized
0.7,2746442643.0431356,97164362214.52766,2.7464426430431357,97.16436221452767,Optimal,1,True,1788,741,profit,normalized
0.71,2744370992.680709,97337642907.49767,2.7443709926807087,97.33764290749767,Optimal,1,True,1788,741,profit,normalized
0.72,2742128271.1446447,97540746385.30373,2.7421282711446446,97.54074638530372,Optimal,1,True,1788,741,profit,normalized
0.73,2742127059.6362815,97540859652.96336,2.7421270596362817,97.54085965296336,Optimal,1,True,1788,741,profit,normalized
0.74,2735447815.4096975,98205382748.91908,2.7354478154096977,98.20538274891908,Optimal,1,True,1788,741,profit,normalized
0.75,2734840096.425216,98268009259.03804,2.7348400964252164,98.26800925903804,Optimal,1,True,1788,741,profit,normalized
0.76,2734837239.0443916,98268324143.63832,2.7348372390443916,98.26832414363832,Optimal,1,True,1788,741,profit,normalized
0.77,2733299899.0210533,98445748409.97993,2.7332998990210533,98.44574840997994,Optimal,1,True,1788,741,profit,normalized
0.78,2731910638.8259416,98618323025.24464,2.7319106388259415,98.61832302524465,Optimal,1,True,1788,741,profit,normalized
0.79,2731207470.2779813,98709537405.75719,2.7312074702779814,98.70953740575719,Optimal,1,True,1788,741,profit,normalized
0.8,2728406398.8183985,99095484879.81633,2.7284063988183984,99.09548487981633,Optimal,1,True,1788,741,profit,normalized
0.81,2725523230.316088,99518357447.8166,2.7255232303160883,99.5183574478166,Optimal,1,True,1788,741,profit,normalized
0.82,2724882555.535788,99620735352.77544,2.724882555535788,99.62073535277544,Optimal,1,True,1788,741,profit,normalized
0.83,2724526986.1512356,99678897743.39,2.724526986151236,99.67889774339,Optimal,1,True,1788,741,profit,normalized
0.84,2724265894.4307737,99725716964.78288,2.724265894430774,99.72571696478288,Optimal,1,True,1788,741,profit,normalized
0.85,2722513592.6508656,100071458021.99785,2.7225135926508655,100.07145802199784,Optimal,1,True,1788,741,profit,normalized
0.86,2720622716.487081,100458136010.31496,2.720622716487081,100.45813601031496,Optimal,1,True,1788,741,profit,normalized
0.87,2719179660.8652596,100788061580.57185,2.71917966086526,100.78806158057185,Optimal,1,True,1788,741,profit,normalized
0.88,2717821492.198097,101136705554.75166,2.717821492198097,101.13670555475166,Optimal,1,True,1788,741,profit,normalized
0.89,2716541015.073258,101479224992.7213,2.716541015073258,101.4792249927213,Optimal,1,True,1788,741,profit,normalized
0.9,2716341410.555775,101539513727.53078,2.716341410555775,101.53951372753077,Optimal,1,True,1788,741,profit,normalized
0.91,2714423872.8377085,102201216846.06725,2.7144238728377084,102.20121684606724,Optimal,1,True,1788,741,profit,normalized
0.92,2714423872.8377085,102201216846.06725,2.7144238728377084,102.20121684606724,Optimal,1,True,1788,741,profit,normalized
0.93,2714396017.7886643,102212839133.20946,2.714396017788664,102.21283913320946,Optimal,1,True,1788,741,profit,normalized
0.94,2713794997.44797,102504247682.09642,2.71379499744797,102.50424768209642,Optimal,1,True,1788,741,profit,normalized
0.95,2713055068.107128,102944779372.28664,2.713055068107128,102.94477937228663,Optimal,1,True,1788,741,profit,normalized
0.96,2711926549.4100094,103769011270.47939,2.7119265494100095,103.76901127047938,Optimal,1,True,1788,741,profit,normalized
0.97,2711901704.623268,103792845949.57726,2.7119017046232683,103.79284594957726,Optimal,1,True,1788,741,profit,normalized
0.98,2711533715.4358697,104291339155.8192,2.71153371543587,104.2913391558192,Optimal,1,True,1788,741,profit,normalized
0.99,2711505857.6455617,104350923987.80121,2.7115058576455615,104.35092398780121,Optimal,1,True,1788,741,profit,normalized
1.0,2711491763.0656233,104416958412.3971,2.7114917630656232,104.4169584123971,Optimal,1,True,1788,741,profit,normalized
