from,to,value
AP,AS,6978921133.52944
AP,BR,5279261566.402133
AP,CH,295618763.4297676
AP,HR,4327732500.0
AP,KA,50043240000.0
AP,KL,8652150000.0
AP,MP,1027099500.0
AP,MH,4395690000.0
AP,OD,36437788333.33333
AP,PN,8214570000.0
AP,RJ,427795783.3333334
AP,TN,270065370000.0
AP,UP,8762597044.128927
AP,WB,46144771624.59066
AS,BR,88557252.67091683
AS,HR,835911515.4386554
AS,MP,97418341.6820297
AS,PN,965245151.37882
AS,UP,1114599981.6400356
AS,WB,152514699.69084758
BR,AP,57056122500.0
BR,AS,62179267476.57117
BR,CH,26463645000.0
BR,GJ,11446695000.0
BR,HR,38548847031.91169
BR,KA,238757569562.00992
BR,KL,32243900000.0
BR,MP,1707854947.1364923
BR,MH,43262960000.0
BR,PN,96400647166.68015
BR,RJ,134569477.43249324
BR,TN,477475941568.7898
BR,TE,17236464172.524017
BR,UP,184231744.21571326
BR,UR,363059881277.2492
BR,WB,26087937107.620125
CH,AP,3435077064.309082
CH,AS,6031742254.253906
CH,BR,1948643068.7324219
CH,GJ,83888156.17176819
CH,HR,8690761.652580261
CH,KA,613165338.3545532
CH,KL,337281073.0414734
CH,MP,129946176.58892822
CH,MH,1798078259.6157227
CH,OD,13141803.541723251
CH,PN,29213869.272663116
CH,RJ,681684.2764725685
CH,TN,5240668622.283447
CH,UP,3549659.2357239723
CH,UR,1225695.0618145466
CH,WB,15296851232.190063
GJ,AP,3486550820.0520205
GJ,AS,3106991686.7392673
GJ,BR,5042029.055506652
GJ,HR,28986902987.09803
GJ,KA,7822008140.159706
GJ,KL,1272297836.139351
GJ,MP,8556275408.047442
GJ,MH,5344050691.152482
GJ,PN,25894415402.998295
GJ,RJ,1136347865.078192
GJ,TN,4148985231.5156207
GJ,TE,660460500.83801
GJ,UP,20539808348.462563
GJ,WB,1991925683.3241398
HR,AS,818309749.2963867
HR,BR,821138998.9243164
HR,GJ,227673052.3157959
HR,KA,7021394354.076904
HR,KL,82925277.45439148
HR,MP,20665548.88500595
HR,MH,1010230666.2141113
HR,OD,7417178.6277599335
HR,PN,30066276500.0
HR,RJ,9175013.435112
HR,TN,302726543.06066895
HR,UP,854274482.7519531
HR,UR,561213.2651821375
HR,WB,69176397.02217102
KA,AP,69210656549.76106
KA,AS,7292506768.450293
KA,BR,2910432352.678764
KA,GJ,382740020.9964553
KA,HR,25542765234.70932
KA,KL,25447481675.446854
KA,MP,6823384743.921679
KA,MH,17844430585.74623
KA,OD,15887931073.684711
KA,PN,71641214427.6738
KA,RJ,4635232816.160502
KA,TN,217302335650.13525
KA,TE,1795424669.747069
KA,UP,5184138264.904892
KA,UR,8454355000.0
KA,WB,17653847721.77082
KL,AP,5.8024003179198524e-08
KL,CH,1.3818727711913782e-08
KL,HR,12.344314117090237
KL,KA,8.822293852393027
KL,MP,54.06693886123559
KL,PN,42.857453306529464
KL,RJ,21.668285934647294
KL,TN,836.6616114596742
KL,TE,2.621861579704392e-07
KL,UP,2.9236315931291643
MP,AP,5575830000.0
MP,AS,3717220000.0
MP,BR,68894429500.0
MP,CH,30144400000.0
MP,GJ,11728470000.0
MP,HR,109400525000.0
MP,KA,14119690000.0
MP,KL,2937090000.0
MP,PN,335406310184.70874
MP,TN,181171800000.0
MP,TE,34810815000.0
MP,UP,24866692596.744385
MP,UR,374529363000.0
MP,WB,67405994500.0
MH,AP,169982974333.2492
MH,AS,31638335650.238026
MH,BR,23711090000.0
MH,CH,311974549.7915512
MH,GJ,8650332625.700375
MH,HR,60732469794.757416
MH,KA,86463841429.67142
MH,KL,20819520541.79509
MH,MP,5036973611.032674
MH,PN,74019240257.05232
MH,RJ,727150280.6541476
MH,TN,217897056544.6075
MH,TE,97640200023.16801
MH,UP,1112856901.5061352
MH,UR,123008600000.0
MH,WB,32066074266.40837
OD,AS,5800772350.466833
OD,BR,6414553692.038326
OD,KA,1530088303.804718
OD,KL,213866466.0083847
OD,TN,17433585000.0
OD,WB,90572430000.0
PN,KA,5867550000.0
PN,TN,2937090000.0
RJ,AP,1288980000.0
RJ,AS,67397495066.79944
RJ,BR,54177393043.88269
RJ,GJ,21597634791.451843
RJ,KA,45525598872.070984
RJ,KL,1478409000.934513
RJ,MP,422222494.45708656
RJ,MH,45813090089.39667
RJ,TN,45058462649.501015
RJ,UP,63409563591.8147
RJ,WB,2017392739.2590294
TN,AP,12289165223.709143
TN,AS,2845675000.0
TN,CH,24441611819.270515
TN,HR,7457594282.808804
TN,KA,35091998666.06235
TN,KL,6935249043.163596
TN,MP,8776523233.333334
TN,OD,4615418630.667866
TN,PN,15738284278.26368
TN,RJ,8123598466.666666
TN,TE,30700926559.3982
TN,UP,3075488008.1743193
TE,AP,156621548.96064544
TE,AS,38237513.32056373
TE,BR,1461711193.1905289
TE,GJ,69495650.0
TE,HR,323341666.6666666
TE,KA,14156685143.420547
TE,KL,43901850521.93201
TE,MP,6750947350.0
TE,RJ,658256550.0
TE,TN,217858088828.54346
TE,UP,1189897333.3333335
TE,WB,15130580605.866974
UP,AP,23408654722.46621
UP,AS,67965750657.03818
UP,BR,3456377877.435234
UP,GJ,42939651415.74509
UP,HR,28803488240.298264
UP,KA,86635813729.42593
UP,KL,9667520297.182373
UP,MP,213305305.6975522
UP,MH,38672653644.13578
UP,OD,33966384454.588966
UP,PN,11679895058.434353
UP,RJ,192713227.96313095
UP,TN,261277105020.73666
UP,TE,89180709570.74174
UP,UR,58081786.32135689
UP,WB,62581900846.873825
UR,AP,160881795.01989996
UR,AS,73561251150.76956
UR,BR,35711937566.403625
UR,CH,313643755.564219
UR,GJ,6956819676.402882
UR,HR,341479369.90246344
UR,KA,5664432887.632851
UR,KL,1603121946.9101582
UR,MP,642490243.1650848
UR,MH,320854653.3447721
UR,PN,161063582.35890543
UR,RJ,483675513.3140645
UR,TN,2629084858.849757
UR,UP,648496034.0124178
UR,WB,175198872.16258812
WB,AP,17577787500.0
WB,AS,2947035000.0
WB,BR,7245485000.0
WB,CH,5857605000.0
WB,GJ,2755870000.0
WB,KA,87655230000.0
WB,MH,22975160000.0
WB,PN,20472335000.0
WB,TN,155118795000.0
WB,TE,96135000000.0
WB,UR,29071445000.0
